{"products":[{"id":"0.5591878595900208","qty":6}],"totalPrice":209.9400000000002}